name,private,archived,default_branch,head_sha,license_spdx,language,disk_kb,file_count,rtl_files,firmware_files,software_files,test_files,relevance_score,tree_truncated,error
a11oy,False,False,main,a73e734009ec96a6d3bebcb45066ee4da249797f,,Python,46007,5362,0,0,2692,503,849,False,
szl-forge,False,False,main,6e0ac08533cbb1c8cd9c7fb00a352d67028c99ee,,Python,1079,259,0,0,115,34,183,False,
szl-khipu,False,False,main,4610f14483397ad9644f3780f93a01be4eadcafe,,Python,368,186,0,0,63,8,112,False,
szl-energy-attest,False,False,main,aa07e060c1ebead7a16e4e43738ff4bb8551aba8,,Python,181,46,0,0,25,12,56,False,
lutar-lean,False,False,main,0c17b008b89025d1ddf0a1a2cacad49023325bea,,Lean,3952,434,0,0,25,5,55,False,
szl-kernels,False,False,main,9b8628776afb10daee8c2caec90683e057fe4dd3,,TeX,669,60,0,0,23,7,53,False,
YARQA-ATTN,False,False,main,373b61869278ddd041b03db0469b6a2fdb78f8d4,,Python,43,21,0,0,12,8,49,False,
governance-as-code,False,False,main,b76551be27819ad1154aa2b19bb55955239fea98,,Python,279,75,0,0,12,1,44,False,
szl-block-kv,False,False,main,f94ef2aa9b2c3195daaa815ccd01fd84d9d0ba81,,Python,44,16,0,0,7,3,44,False,
szl-blocked,False,False,main,d0fd834ebf6bfc9c566075ac78e11ffeff4bc4a1,,Python,73,31,0,0,17,2,42,False,
szl-provctl,False,False,main,d1e562aa7b3d335adfeb4343cb6dc5309b202739,,Python,51,27,0,0,15,2,41,False,
szl-govsign,False,False,main,fde27bfb7f31bf5ec0a9dcbafb30547ce33dec2b,,Python,42,27,0,0,15,2,40,False,
szl-receipt-attn,False,False,main,9465638440f732131d50c7a44fac954fc75ceedb,,Python,53,20,0,0,11,6,39,False,
szl-gpu-bridge,False,False,main,9dc52f301c0f123517f04ed56dedb804a3e57985,,Python,1039,136,0,0,52,36,37,False,
szl-maskmod,False,False,main,491ee549031b2d971a616f4d4da75275f16ee3b7,,Python,21,18,0,0,9,5,37,False,
szl-invariants,False,False,main,513ff01e71d7d36e5c404058f3c6277259e098ec,,Python,66,22,0,0,9,4,34,False,
szl-substrate,False,False,main,9c0ef8864ad426ad2e17b7fe4abb97485b2104e9,,Python,2384,95,0,0,82,13,34,False,
ayllu,False,False,main,92f952c17ddd5babcf8f9f5c3eeb645a0c298cf5,,Python,414,80,0,0,39,7,33,False,
szl-nemo,False,False,main,6e2f91181788679622613eed6b53871301c536e6,,Python,21,16,0,0,6,2,33,False,
anatomy,False,False,main,33e949086b1c2cffacde5040e5dec59e40f70f6b,,JavaScript,718,42,0,0,17,3,29,False,
a11oy-factory,False,False,main,294de2ff06df25a943b3f783353804d7fd499d6b,,TypeScript,576,209,0,0,159,10,28,False,
yarqa,False,False,main,0538ee2c0ed8711b8006349503924b470495c57a,,Python,540,61,0,0,31,14,27,False,
szl-quant,False,False,main,0a18eea4c0ced5543e0536bf84b3cb47b88ecc0f,,JavaScript,7150,81,0,0,35,14,25,False,
governed-inference-meter,False,True,main,aee6466ecaaa1f311d42885f7927331e2f6508c8,,Python,170,34,0,0,14,6,23,False,
szl-serve,False,False,main,fa7df9222f4bda82e31eb6ee30311940f15b1614,,Python,52,27,0,0,13,10,23,False,
immune,False,False,main,6d598c505e9cda89547f35275b3341c862b435f5,,TypeScript,646,174,0,0,125,8,21,False,
szl-governed-norm,False,True,main,c68d06d35058542ea77dc6bad4c8bde2361cc16a,,Python,104,26,0,0,12,6,21,False,
governed-receipt-spec,False,False,main,14c35970a67922504097bb09e509a69e282082ab,,Python,63,17,0,0,2,4,19,False,
szl-guardrail-receipt,False,False,main,e7ef3d7940178e308b2bf0de38728d6bb66a85f4,,Python,37,21,0,0,14,5,16,False,
a11oy-net,False,False,main,ed1a40e9c07869b86eaaf37e643e09b4629e74cd,,HTML,1642,82,0,0,13,0,15,False,
sda,False,False,main,eba23fbac6d15079a8c32a62af8a9bbe243c0d53,,JavaScript,284,28,0,0,12,3,13,False,
khipu-sda-core,False,False,main,cade2ab48a793e8cb9b4e9515c0dc6f08ff36c73,,Python,128,30,0,0,15,7,12,False,
hatun-mcp,False,False,main,85839c2c478267ae48572877720832aa88070645,,Python,324,75,0,0,33,14,11,False,
energy-attest-holo,False,True,main,6851c00110b275d8207c8038ffc78886cdff55fb,,Python,281,9,0,0,2,1,5,False,
evidence-doctrine,False,False,main,a0735738982f4e3e66d3a951c243c64ba7992dbf,,TypeScript,27,15,0,0,4,1,3,False,
evidence-studio,False,False,main,6098d598ee1e21170393abdc446691d8340100cc,,Python,13,0,0,0,0,0,2,False,
gdw-frontier,True,False,main,244345b1f7d972b763f92b33a0e963b535d081d1,,Python,407,0,0,0,0,0,2,False,
khipu-consensus,False,False,main,00baf8036db49c7c452f99575547c26ceff8237d,,Python,165,0,0,0,0,0,2,False,
khipu-lab,False,True,main,d0a3a20bdbc7ad240626454355a078bb91b03fdd,,TypeScript,640,0,0,0,0,0,2,False,
khipu-pages,False,True,main,f56e5327b61c548f656ee7c88f539e8c5228525d,,HTML,9,0,0,0,0,0,2,False,
lean-kernel,False,True,main,5be5d14502428e0ef13bb83f8d36f6775085b03e,,Python,160,0,0,0,0,0,2,False,
lyte-services,False,False,main,1e8b9163276a5c69b0a204faf42f066de60308f7,,Python,28,0,0,0,0,0,2,False,
ouroboros,False,True,main,0f030741f567bdf397d33c4d607790af6ed39688,,TypeScript,1286,0,0,0,0,0,2,False,
platform,False,False,main,26450d5309537bd4bc47eb9e901ef5bf13b0ca4a,,TypeScript,695425,0,0,0,0,0,2,False,
receipt-chain-live,False,True,main,787891967b412fd3211856ffc0b2e6e4bf6da205,,Python,251,0,0,0,0,0,2,False,
szl-command-lab,False,False,main,05daa187b145b8947952af440ecf0ba79581a197,,TypeScript,720,0,0,0,0,0,2,False,
szl-drift,False,False,main,ff7aef52f17add4e585194e5fd288c92f64356eb,,Python,17,0,0,0,0,0,2,False,
szl-fleet-overlay,False,True,main,79ec6351daf9cf3acf3505a50d112ee8b0f06a13,,Python,214,0,0,0,0,0,2,False,
szl-formulas,False,False,main,46cfa948367e8133eaa8dd6bcfb781b19165b9bb,,Python,55,0,0,0,0,0,2,False,
szl-kernels-live,False,True,main,6c48224a8e8a4ddd05b8e1e46b4948a61634ee66,,Python,474,0,0,0,0,0,2,False,
szl-lake,False,False,main,80777ac44059729bb1093699e9864e54865b3e99,,Python,2456,0,0,0,0,0,2,False,
szl-lambda-gate,False,False,main,b2060384e26f68e25ba5f280b6e778ab234fc189,,Python,117,0,0,0,0,0,2,False,
szl-ouroboros,False,False,main,2e529b1991d70424ba48ab613d7df2bd954fc619,,Python,43,0,0,0,0,0,2,False,
szl-quant-witness,False,False,main,40553f41a4b55e62bee0751ad7bb413855f204a1,,JavaScript,708,0,0,0,0,0,2,False,
szl-receipt,False,False,main,8e1b3e094312ba80809580b59856e7f3d90e0111,,Python,124,0,0,0,0,0,2,False,
szl-sovereign-os,False,False,main,76c63a59b346acfb8dd8cbe112e7ea1f2f0b2a59,,Python,43,0,0,0,0,0,2,False,
szl-trust,False,False,main,1e728d5aa27c68ff6dfb5b81e87ea790472fdf8c,,Python,177,0,0,0,0,0,2,False,
warhacker-demo,False,True,main,0c68abbc41f9327fdf4ffad88a474bcc01eb8e6b,,Shell,84,0,0,0,0,0,2,False,
.github,False,False,main,dccfa1e0f8dbff561e3dc818421ea22c7b3a9742,,HTML,11764,0,0,0,0,0,0,False,
cosmos,False,True,main,af6ff5ec87e25ee057271312823d40dd4f433c20,,JavaScript,218,0,0,0,0,0,0,False,
counsel,False,True,main,f2c3e3ccf053dd94bc2b4c5a3ba82544a4a5240f,,Python,32,0,0,0,0,0,0,False,
david-leads,False,True,main,fd40812540841d7b546422191d563b309e51492e,,Python,3562,0,0,0,0,0,0,False,
developers,False,True,main,dde99af0564c965edc6a253d4004734157460810,,HTML,141,0,0,0,0,0,0,False,
docs-site,False,True,main,83664f8b8924b36d3179bd94d133ca0815aaee91,,JavaScript,6078,0,0,0,0,0,0,False,
evidence-typed-formula-governance,False,True,main,775ee23b5d4cf6a0e238ac330ce4deb41fe89a7b,,,6,0,0,0,0,0,0,False,
fail-closed-governed-ai-services,False,True,main,40d1b710ac89cecbeee21f97110c761f8b83b950,,,3,0,0,0,0,0,0,False,
governed-norm-holo,False,True,main,05b87ab4d00e2e0685664785a13eaaf46740f51d,,Python,224,0,0,0,0,0,0,False,
holographic-unify,False,True,main,a39a6c5c754ec6d6fe0b51e85f3809c444a54cf2,,TypeScript,127,0,0,0,0,0,0,False,
immune-lattice,False,True,main,bcee352e584feab4bac16f4f1677a799effc1e50,,TypeScript,602,0,0,0,0,0,0,False,
killinchu,False,False,main,5ed9288428049f2e36faf202bebfba7776301675,,Python,14304,0,0,0,0,0,0,False,
lambda-gate-holo,False,True,main,0303c8ae0d81b4912f01dc59a6a47d5447c32768,,Python,131,0,0,0,0,0,0,False,
lyte-lattice,False,False,main,0706d5746e3cd9ef94ce3968d45fed77a57b2b1c,,TypeScript,606,0,0,0,0,0,0,False,
nexus,False,False,main,f7b6814955311290ec67e63987cc063240115444,,TypeScript,916,0,0,0,0,0,0,False,
pitch-collateral,True,False,main,361dee83fe29b39c3ac29739514f375acac5b8ee,,,147,0,0,0,0,0,0,False,
puriq-live,False,False,main,ef677981d5baa9e4ecb0bbe445df65c3b5c7054e,,Python,30,0,0,0,0,0,0,False,
szl-atelier,False,False,main,92804131f4341fd4ea35cf99209f83dfee6a1afd,,Python,304,0,0,0,0,0,0,False,
szl-brand,False,False,main,ba32296a76b92e72eac2aa193fac131e70d1dea2,,Python,13925,0,0,0,0,0,0,False,
szl-build-env,False,True,main,ccc12507daf2668de8c387baede2e344d24be745,,Python,171,0,0,0,0,0,0,False,
szl-cookbook,False,True,main,5eb303b4d611c14906cbe455c5f2d27999e9c3a4,,TypeScript,8526,0,0,0,0,0,0,False,
szl-defensive-control-plane,True,False,main,0d4c4c14b64d0f950ba5702747e25d9db9168f8e,,Python,99,0,0,0,0,0,0,False,
szl-doctrine,False,False,main,c8114012f37dfdf87b2c25d8dbf244f792d27e00,,Python,402,0,0,0,0,0,0,False,
szl-estate-os,True,False,main,4426ff855694dd9b54efd798b60ef8a33885f310,,Python,325,0,0,0,0,0,0,False,
szl-experiments,False,True,main,2d2980ce7f0063b5692fe2b46163dee6df2831e1,,Python,119,0,0,0,0,0,0,False,
szl-formula-ledger,False,True,main,ceaef540eba6c5acf85091faf4a20cd9aef480f9,,Python,34,0,0,0,0,0,0,False,
szl-frontier,False,False,main,8fd551b9538e975f591f2d675957344323b19cd6,,TypeScript,672,0,0,0,0,0,0,False,
szl-gov,False,False,main,f1efc78dd8817810ef1c33ed59fce70fec79abd7,,Python,199,0,0,0,0,0,0,False,
szl-holdings.github.io,False,False,main,4427166caa5e7c09a74ac6021ee8b5b18c9c9665,,HTML,956,0,0,0,0,0,0,False,
szl-mesh,False,True,main,59975b4d76f6f5ede31c67564e67cba93ae232d3,,Python,228,0,0,0,0,0,0,False,
szl-org-health,True,False,main,b5ae9b785cf96dc96ae0fa0ef754a373cfc644ad,,Python,253,0,0,0,0,0,0,False,
szl-organ-integrity,False,True,main,029403510ae69048df3b35571ace836b7d2c6ada,,HTML,21,0,0,0,0,0,0,False,
szl-otel-mesh,False,True,main,172f52ecfc2cc7babac78bffde79517b38fcdb42,,Python,441,0,0,0,0,0,0,False,
szl-papers,False,False,main,b96d4908a0cee573a7ab062a145307b78c0e282b,,TeX,2865,0,0,0,0,0,0,False,
szl-provctl-live,False,True,main,bf0903cdad0a78d06542fd5457db8d1daf82ea43,,Python,228,0,0,0,0,0,0,False,
szl-real-estate,False,False,main,aa13b81bba34ab4531a9e5eb52797c8d33fe15a0,,Python,35,0,0,0,0,0,0,False,
szl-router,False,True,main,dbf200afa32e46231f98a516d43c7bbf4bd47f2d,,Python,255,0,0,0,0,0,0,False,
szl-second-brain,False,False,main,ff03b116a83f2b5302999ab4167d51e35aba3b5e,,Python,268,0,0,0,0,0,0,False,
szl-telemetry,False,True,main,ef519c090c9e2c19852e8b5c774fc41c750d9ec5,,Python,81,0,0,0,0,0,0,False,
szl-uds-deployment,False,True,main,341b79deda9094898e018a6152bba0a9b7e003df,,Shell,4484,0,0,0,0,0,0,False,
szl-v14,True,False,main,bb1e37cb0cea63f3278fd2e6ebdaf6e49df16cf9,,Python,220,0,0,0,0,0,0,False,
uds-bundles,False,True,main,3c26e50961031918175ff9f529746022bbead1bb,,Python,789,0,0,0,0,0,0,False,
vsp-otel,False,True,main,b81c28666ecf411d50556531ca23e3981447f5fb,,TypeScript,475,0,0,0,0,0,0,False,
